,tenure,monthly_charges,total_charges
tenure,1.0,0.24789985628615094,0.8254640864073034
monthly_charges,0.24789985628615094,1.0,0.6508643497230384
total_charges,0.8254640864073034,0.6508643497230384,1.0
